Route_NO,States Transportation Name,Bus Routes,Bus Routes Link
1,Kadamba Transport Corporation Limited (KTCL),Pune to Goa,https://www.redbus.in/bus-tickets/pune-to-goa
2,Kadamba Transport Corporation Limited (KTCL),Goa to Pune,https://www.redbus.in/bus-tickets/goa-to-pune
3,Kadamba Transport Corporation Limited (KTCL),Mumbai to Goa,https://www.redbus.in/bus-tickets/mumbai-to-goa
4,Kadamba Transport Corporation Limited (KTCL),Goa to Mumbai,https://www.redbus.in/bus-tickets/goa-to-mumbai
5,Kadamba Transport Corporation Limited (KTCL),Pandharpur to Goa,https://www.redbus.in/bus-tickets/pandharpur-to-goa
6,Kadamba Transport Corporation Limited (KTCL),Bangalore to Goa,https://www.redbus.in/bus-tickets/bangalore-to-goa
7,Kadamba Transport Corporation Limited (KTCL),Goa to Pandharpur,https://www.redbus.in/bus-tickets/goa-to-pandharpur
8,Kadamba Transport Corporation Limited (KTCL),Belagavi to Goa,https://www.redbus.in/bus-tickets/belagavi-to-goa
9,Kadamba Transport Corporation Limited (KTCL),Goa to Bangalore,https://www.redbus.in/bus-tickets/goa-to-bangalore
10,Kadamba Transport Corporation Limited (KTCL),Solapur to Goa,https://www.redbus.in/bus-tickets/solapur-to-goa
11,Kadamba Transport Corporation Limited (KTCL),Goa to Kolhapur(Maharashtra),https://www.redbus.in/bus-tickets/goa-to-kolhapur-maharashtra
12,Kadamba Transport Corporation Limited (KTCL),Goa to Solapur,https://www.redbus.in/bus-tickets/goa-to-solapur
13,Kadamba Transport Corporation Limited (KTCL),Goa to Sangola (Solapur),https://www.redbus.in/bus-tickets/goa-to-sangola
14,Kadamba Transport Corporation Limited (KTCL),Sangola (Solapur) to Goa,https://www.redbus.in/bus-tickets/sangola-to-goa
15,Kadamba Transport Corporation Limited (KTCL),Calangute (goa) to Goa Airport,https://www.redbus.in/bus-tickets/calangute-goa-to-goa-airport
16,Kadamba Transport Corporation Limited (KTCL),Goa to Sangli,https://www.redbus.in/bus-tickets/goa-to-sangli
17,Kadamba Transport Corporation Limited (KTCL),Calangute (goa) to Mopa Airport,https://www.redbus.in/bus-tickets/calangute-goa-to-mopa-airport
18,Kadamba Transport Corporation Limited (KTCL),Mopa Airport to Calangute (goa),https://www.redbus.in/bus-tickets/mopa-airport-to-calangute-goa
19,Kadamba Transport Corporation Limited (KTCL),Ponda to Belagavi,https://www.redbus.in/bus-tickets/ponda-to-belagavi
20,Kadamba Transport Corporation Limited (KTCL),Goa to Miraj,https://www.redbus.in/bus-tickets/goa-to-miraj
21,Kadamba Transport Corporation Limited (KTCL),Goa Airport to Calangute (goa),https://www.redbus.in/bus-tickets/goa-airport-to-calangute-goa
22,Kadamba Transport Corporation Limited (KTCL),Marcel to Belagavi,https://www.redbus.in/bus-tickets/marcel-to-belagavi
23,Kadamba Transport Corporation Limited (KTCL),Shivamogga to Goa,https://www.redbus.in/bus-tickets/shimoga-to-goa
24,Kadamba Transport Corporation Limited (KTCL),Goa to Mopa Airport,https://www.redbus.in/bus-tickets/goa-to-mopa-airport
25,Kadamba Transport Corporation Limited (KTCL),Goa to Satara,https://www.redbus.in/bus-tickets/goa-to-satara
26,Kadamba Transport Corporation Limited (KTCL),Belagavi to Marcel,https://www.redbus.in/bus-tickets/belagavi-to-marcel
27,Kadamba Transport Corporation Limited (KTCL),Mopa Airport to Goa,https://www.redbus.in/bus-tickets/mopa-airport-to-goa
28,Kadamba Transport Corporation Limited (KTCL),Shirdi to Goa,https://www.redbus.in/bus-tickets/shirdi-to-goa
29,Kadamba Transport Corporation Limited (KTCL),Goa to Shivamogga,https://www.redbus.in/bus-tickets/goa-to-shimoga
30,Kadamba Transport Corporation Limited (KTCL),Goa to Shirdi,https://www.redbus.in/bus-tickets/goa-to-shirdi
31,Kadamba Transport Corporation Limited (KTCL),Goa to Goa Airport,https://www.redbus.in/bus-tickets/goa-to-goa-airport
32,Kadamba Transport Corporation Limited (KTCL),Margao to Mopa Airport,https://www.redbus.in/bus-tickets/margoa-to-mopa-airport
33,Kadamba Transport Corporation Limited (KTCL),Goa Airport to Goa,https://www.redbus.in/bus-tickets/goa-airport-to-goa
34,Kadamba Transport Corporation Limited (KTCL),Mopa Airport to Margao,https://www.redbus.in/bus-tickets/mopa-airport-to-margoa
35,Kadamba Transport Corporation Limited (KTCL),Belagavi to Saquelim,https://www.redbus.in/bus-tickets/belagavi-to-saquelim
36,Kadamba Transport Corporation Limited (KTCL),Panaji to Mopa Airport,https://www.redbus.in/bus-tickets/panaji-to-mopa-airport
37,Kadamba Transport Corporation Limited (KTCL),Saquelim to Belagavi,https://www.redbus.in/bus-tickets/saquelim-to-belagavi
38,Kadamba Transport Corporation Limited (KTCL),Calangute (goa) to Goa,https://www.redbus.in/bus-tickets/calangute-goa-to-goa
39,Kadamba Transport Corporation Limited (KTCL),Calangute (goa) to Panaji,https://www.redbus.in/bus-tickets/calangute-goa-to-panaji
40,Kadamba Transport Corporation Limited (KTCL),Goa Airport to Panaji,https://www.redbus.in/bus-tickets/goa-airport-to-panaji
41,KSRTC (Kerala),Bangalore to Kozhikode,https://www.redbus.in/bus-tickets/bangalore-to-kozhikode
42,KSRTC (Kerala),Kozhikode to Ernakulam,https://www.redbus.in/bus-tickets/kozhikode-to-ernakulam
43,KSRTC (Kerala),Kozhikode to Bangalore,https://www.redbus.in/bus-tickets/kozhikode-to-bangalore
44,KSRTC (Kerala),Ernakulam to Kozhikode,https://www.redbus.in/bus-tickets/ernakulam-to-kozhikode
45,KSRTC (Kerala),Kozhikode to Mysore,https://www.redbus.in/bus-tickets/kozhikode-to-mysore
46,KSRTC (Kerala),Kozhikode to Thiruvananthapuram,https://www.redbus.in/bus-tickets/kozhikode-to-thiruvananthapuram
47,KSRTC (Kerala),Bangalore to Kalpetta (kerala),https://www.redbus.in/bus-tickets/bangalore-to-kalpetta
48,KSRTC (Kerala),Mysore to Kozhikode,https://www.redbus.in/bus-tickets/mysore-to-kozhikode
49,KSRTC (Kerala),Kalpetta (kerala) to Bangalore,https://www.redbus.in/bus-tickets/kalpetta-to-bangalore
50,KSRTC (Kerala),Kozhikode to Thrissur,https://www.redbus.in/bus-tickets/kozhikode-to-thrissur
51,KSRTC (Kerala),Thiruvananthapuram to Kozhikode,https://www.redbus.in/bus-tickets/thiruvananthapuram-to-kozhikode
52,KSRTC (Kerala),Bangalore to Kannur,https://www.redbus.in/bus-tickets/bangalore-to-kannur
53,KSRTC (Kerala),Kozhikode to Kottayam,https://www.redbus.in/bus-tickets/kozhikode-to-kottayam
54,KSRTC (Kerala),Kannur to Bangalore,https://www.redbus.in/bus-tickets/kannur-to-bangalore
55,KSRTC (Kerala),Kottayam to Kozhikode,https://www.redbus.in/bus-tickets/kottayam-to-kozhikode
56,KSRTC (Kerala),Thrissur to Kozhikode,https://www.redbus.in/bus-tickets/thrissur-to-kozhikode
57,KSRTC (Kerala),Kozhikode to Kalpetta (kerala),https://www.redbus.in/bus-tickets/kozhikode-to-kalpetta
58,KSRTC (Kerala),Coimbatore to Ooty,https://www.redbus.in/bus-tickets/coimbatore-to-ooty
59,KSRTC (Kerala),Kalpetta (kerala) to Kozhikode,https://www.redbus.in/bus-tickets/kalpetta-to-kozhikode
60,APSRTC,Vijayawada to Hyderabad,https://www.redbus.in/bus-tickets/vijayawada-to-hyderabad
61,APSRTC,Hyderabad to Vijayawada,https://www.redbus.in/bus-tickets/hyderabad-to-vijayawada
62,APSRTC,Kakinada to Visakhapatnam,https://www.redbus.in/bus-tickets/kakinada-to-visakhapatnam
63,APSRTC,Visakhapatnam to Kakinada,https://www.redbus.in/bus-tickets/visakhapatnam-to-kakinada
64,APSRTC,Chittoor (Andhra Pradesh) to Bangalore,https://www.redbus.in/bus-tickets/chittoor-andhra-pradesh-to-bangalore
65,APSRTC,Kadapa to Bangalore,https://www.redbus.in/bus-tickets/kadapa-to-bangalore
66,APSRTC,Anantapur (andhra pradesh) to Bangalore,https://www.redbus.in/bus-tickets/ananthapur-to-bangalore
67,APSRTC,Tirupati to Bangalore,https://www.redbus.in/bus-tickets/tirupathi-to-bangalore
68,APSRTC,Visakhapatnam to Vijayawada,https://www.redbus.in/bus-tickets/visakhapatnam-to-vijayawada
69,APSRTC,Ongole to Hyderabad,https://www.redbus.in/bus-tickets/ongole-to-hyderabad
70,APSRTC,Bangalore to Tirupati,https://www.redbus.in/bus-tickets/bangalore-to-tirupathi
71,APSRTC,Macherla (andhra pradesh) to Hyderabad,https://www.redbus.in/bus-tickets/macherla-to-hyderabad
72,APSRTC,Rajahmundry to Visakhapatnam,https://www.redbus.in/bus-tickets/rajahmundry-to-visakhapatnam
73,APSRTC,Nandyal to Hyderabad,https://www.redbus.in/bus-tickets/nandyala-to-hyderabad
74,APSRTC,Bangalore to Kadapa,https://www.redbus.in/bus-tickets/bangalore-to-kadapa
75,APSRTC,Hyderabad to Ongole,https://www.redbus.in/bus-tickets/hyderabad-to-ongole
76,APSRTC,Guntur (Andhra Pradesh) to Hyderabad,https://www.redbus.in/bus-tickets/guntur-to-hyderabad
77,APSRTC,Vijayawada to Visakhapatnam,https://www.redbus.in/bus-tickets/vijayawada-to-visakhapatnam
78,APSRTC,Rajahmundry to Vijayawada,https://www.redbus.in/bus-tickets/rajahmundry-to-vijayawada
79,APSRTC,Hyderabad to Kurnool,https://www.redbus.in/bus-tickets/hyderabad-to-kurnool
80,APSRTC,Bangalore to Chittoor (Andhra Pradesh),https://www.redbus.in/bus-tickets/bangalore-to-chittoor-andhra-pradesh
81,APSRTC,Kurnool to Hyderabad,https://www.redbus.in/bus-tickets/kurnool-to-hyderabad
82,APSRTC,Visakhapatnam to Rajahmundry,https://www.redbus.in/bus-tickets/visakhapatnam-to-rajahmundry
83,APSRTC,Rayachoti to Bangalore,https://www.redbus.in/bus-tickets/rayachoti-to-bangalore
84,APSRTC,Vinukonda to Hyderabad,https://www.redbus.in/bus-tickets/vinukonda-to-hyderabad
85,APSRTC,Bangalore to Anantapur (andhra pradesh),https://www.redbus.in/bus-tickets/bangalore-to-ananthapur
86,APSRTC,Amalapuram to Visakhapatnam,https://www.redbus.in/bus-tickets/amalapuram-to-visakhapatnam
87,APSRTC,Vijayawada to Tirupati,https://www.redbus.in/bus-tickets/vijayawada-to-tirupathi
88,APSRTC,Madanapalli to Bangalore,https://www.redbus.in/bus-tickets/madanapalli-to-bangalore
89,APSRTC,Narasaraopet to Hyderabad,https://www.redbus.in/bus-tickets/narsaraopet-to-hyderabad
90,APSRTC,Eluru to Hyderabad,https://www.redbus.in/bus-tickets/eluru-to-hyderabad
91,APSRTC,Visakhapatnam to Amalapuram,https://www.redbus.in/bus-tickets/visakhapatnam-to-amalapuram
92,APSRTC,Kadiri to Bangalore,https://www.redbus.in/bus-tickets/kadiri-to-bangalore
93,APSRTC,Chennai to Tirupati,https://www.redbus.in/bus-tickets/chennai-to-tirupathi
94,APSRTC,Rajahmundry to Hyderabad,https://www.redbus.in/bus-tickets/rajahmundry-to-hyderabad
95,APSRTC,Kurnool to Vijayawada,https://www.redbus.in/bus-tickets/kurnool-to-vijayawada
96,APSRTC,Vijayawada to Kurnool,https://www.redbus.in/bus-tickets/vijayawada-to-kurnool
97,APSRTC,Kakinada to Vijayawada,https://www.redbus.in/bus-tickets/kakinada-to-vijayawada
98,APSRTC,Bangalore to Madanapalli,https://www.redbus.in/bus-tickets/bangalore-to-madanapalli
99,APSRTC,Nellore to Bangalore,https://www.redbus.in/bus-tickets/nellore-to-bangalore
100,APSRTC,Hyderabad to Narasaraopet,https://www.redbus.in/bus-tickets/hyderabad-to-narsaraopet
101,APSRTC,Hyderabad to Guntur (Andhra Pradesh),https://www.redbus.in/bus-tickets/hyderabad-to-guntur
102,APSRTC,Bangalore to Kadiri,https://www.redbus.in/bus-tickets/bangalore-to-kadiri
103,APSRTC,Vijayawada to Rajahmundry,https://www.redbus.in/bus-tickets/vijayawada-to-rajahmundry
104,APSRTC,Bangalore to Rayachoti,https://www.redbus.in/bus-tickets/bangalore-to-rayachoti
105,APSRTC,Kurnool to Bangalore,https://www.redbus.in/bus-tickets/kurnool-to-bangalore
106,APSRTC,Tirupati to Chennai,https://www.redbus.in/bus-tickets/tirupathi-to-chennai
107,APSRTC,Hyderabad to Anantapur (andhra pradesh),https://www.redbus.in/bus-tickets/hyderabad-to-ananthapur
108,APSRTC,Anantapur (andhra pradesh) to Hyderabad,https://www.redbus.in/bus-tickets/ananthapur-to-hyderabad
109,Meghalaya Transport Corporation(MTC),Guwahati to Shillong,https://www.redbus.in/bus-tickets/guwahati-to-shillong
110,Meghalaya Transport Corporation(MTC),Shillong to Tura (Meghalaya),https://www.redbus.in/bus-tickets/shillong-to-tura-meghalaya
111,Meghalaya Transport Corporation(MTC),Shillong to Guwahati,https://www.redbus.in/bus-tickets/shillong-to-guwahati
112,Meghalaya Transport Corporation(MTC),Tura (Meghalaya) to Shillong,https://www.redbus.in/bus-tickets/tura-meghalaya-to-shillong
113,Meghalaya Transport Corporation(MTC),Shillong to Silchar,https://www.redbus.in/bus-tickets/shillong-to-silchar
114,Meghalaya Transport Corporation(MTC),Silchar to Shillong,https://www.redbus.in/bus-tickets/silchar-to-shillong
115,Meghalaya Transport Corporation(MTC),Shillong to Karimganj,https://www.redbus.in/bus-tickets/shillong-to-karimganj
116,Meghalaya Transport Corporation(MTC),Shillong to Williamnagar (Meghalaya),https://www.redbus.in/bus-tickets/shillong-to-williamnagar-meghalaya
117,Meghalaya Transport Corporation(MTC),Karimganj to Shillong,https://www.redbus.in/bus-tickets/karimganj-to-shillong
118,Meghalaya Transport Corporation(MTC),Williamnagar (Meghalaya) to Shillong,https://www.redbus.in/bus-tickets/williamnagar-meghalaya-to-shillong
119,Meghalaya Transport Corporation(MTC),Guwahati to Shillong,https://www.redbus.in/bus-tickets/guwahati-to-shillong
120,Meghalaya Transport Corporation(MTC),Shillong to Tura (Meghalaya),https://www.redbus.in/bus-tickets/shillong-to-tura-meghalaya
121,Meghalaya Transport Corporation(MTC),Shillong to Guwahati,https://www.redbus.in/bus-tickets/shillong-to-guwahati
122,Meghalaya Transport Corporation(MTC),Tura (Meghalaya) to Shillong,https://www.redbus.in/bus-tickets/tura-meghalaya-to-shillong
123,Meghalaya Transport Corporation(MTC),Shillong to Silchar,https://www.redbus.in/bus-tickets/shillong-to-silchar
124,Meghalaya Transport Corporation(MTC),Silchar to Shillong,https://www.redbus.in/bus-tickets/silchar-to-shillong
125,Meghalaya Transport Corporation(MTC),Shillong to Karimganj,https://www.redbus.in/bus-tickets/shillong-to-karimganj
126,Meghalaya Transport Corporation(MTC),Shillong to Williamnagar (Meghalaya),https://www.redbus.in/bus-tickets/shillong-to-williamnagar-meghalaya
127,Meghalaya Transport Corporation(MTC),Karimganj to Shillong,https://www.redbus.in/bus-tickets/karimganj-to-shillong
128,Meghalaya Transport Corporation(MTC),Williamnagar (Meghalaya) to Shillong,https://www.redbus.in/bus-tickets/williamnagar-meghalaya-to-shillong
129,Meghalaya Transport Corporation(MTC),Shillong to Hailakandi,https://www.redbus.in/bus-tickets/shillong-to-hailakandi
130,Meghalaya Transport Corporation(MTC),Shillong to Ramkrishnanagar,https://www.redbus.in/bus-tickets/shillong-to-ramkrishnanagar
131,Meghalaya Transport Corporation(MTC),Hailakandi to Shillong,https://www.redbus.in/bus-tickets/hailakandi-to-shillong
132,Meghalaya Transport Corporation(MTC),Shillong to Phulbari,https://www.redbus.in/bus-tickets/shillong-to-phulbari
133,Assam State Transport Corporation (ASTC),Tezpur to Guwahati,https://www.redbus.in/bus-tickets/tezpur-to-guwahati
134,Assam State Transport Corporation (ASTC),Guwahati to Tezpur,https://www.redbus.in/bus-tickets/guwahati-to-tezpur
135,Assam State Transport Corporation (ASTC),Nagaon (Assam) to Guwahati,https://www.redbus.in/bus-tickets/nagaon-to-guwahati
136,Assam State Transport Corporation (ASTC),Guwahati to Nagaon (Assam),https://www.redbus.in/bus-tickets/guwahati-to-nagaon
137,Assam State Transport Corporation (ASTC),Goalpara to Guwahati,https://www.redbus.in/bus-tickets/goalpara-to-guwahati
138,Assam State Transport Corporation (ASTC),Jorhat to North Lakhimpur,https://www.redbus.in/bus-tickets/jorhat-to-north-lakhimpur
139,Assam State Transport Corporation (ASTC),Dhubri to Guwahati,https://www.redbus.in/bus-tickets/dhubri-to-guwahati
140,Assam State Transport Corporation (ASTC),Guwahati to Dhubri,https://www.redbus.in/bus-tickets/guwahati-to-dhubri
141,Assam State Transport Corporation (ASTC),North Lakhimpur to Sibsagar,https://www.redbus.in/bus-tickets/north-lakhimpur-to-sibsagar
142,Assam State Transport Corporation (ASTC),North Lakhimpur to Jorhat,https://www.redbus.in/bus-tickets/north-lakhimpur-to-jorhat
143,Assam State Transport Corporation (ASTC),Tezpur to Guwahati,https://www.redbus.in/bus-tickets/tezpur-to-guwahati
144,Assam State Transport Corporation (ASTC),Guwahati to Tezpur,https://www.redbus.in/bus-tickets/guwahati-to-tezpur
145,Assam State Transport Corporation (ASTC),Nagaon (Assam) to Guwahati,https://www.redbus.in/bus-tickets/nagaon-to-guwahati
146,Assam State Transport Corporation (ASTC),Guwahati to Nagaon (Assam),https://www.redbus.in/bus-tickets/guwahati-to-nagaon
147,Assam State Transport Corporation (ASTC),Goalpara to Guwahati,https://www.redbus.in/bus-tickets/goalpara-to-guwahati
148,Assam State Transport Corporation (ASTC),Jorhat to North Lakhimpur,https://www.redbus.in/bus-tickets/jorhat-to-north-lakhimpur
149,Assam State Transport Corporation (ASTC),Dhubri to Guwahati,https://www.redbus.in/bus-tickets/dhubri-to-guwahati
150,Assam State Transport Corporation (ASTC),Guwahati to Dhubri,https://www.redbus.in/bus-tickets/guwahati-to-dhubri
151,Assam State Transport Corporation (ASTC),North Lakhimpur to Sibsagar,https://www.redbus.in/bus-tickets/north-lakhimpur-to-sibsagar
152,Assam State Transport Corporation (ASTC),North Lakhimpur to Jorhat,https://www.redbus.in/bus-tickets/north-lakhimpur-to-jorhat
153,Assam State Transport Corporation (ASTC),Dhekiajuli to Guwahati,https://www.redbus.in/bus-tickets/dhekiajuli-to-guwahati
154,Assam State Transport Corporation (ASTC),Jorhat to Dibrugarh,https://www.redbus.in/bus-tickets/jorhat-to-dibrugarh
155,Assam State Transport Corporation (ASTC),Sibsagar to North Lakhimpur,https://www.redbus.in/bus-tickets/sibsagar-to-north-lakhimpur
156,Assam State Transport Corporation (ASTC),Dhemaji to Jorhat,https://www.redbus.in/bus-tickets/dhemaji-to-jorhat
157,Assam State Transport Corporation (ASTC),Haflong to Guwahati,https://www.redbus.in/bus-tickets/haflong-to-guwahati
158,Assam State Transport Corporation (ASTC),North Lakhimpur to Dibrugarh,https://www.redbus.in/bus-tickets/north-lakhimpur-to-dibrugarh
159,Assam State Transport Corporation (ASTC),Jorhat to Tinsukia,https://www.redbus.in/bus-tickets/jorhat-to-tinsukia
160,Assam State Transport Corporation (ASTC),Dibrugarh to Tezpur,https://www.redbus.in/bus-tickets/dibrugarh-to-tezpur
161,Assam State Transport Corporation (ASTC),Guwahati to Biswanath Charali,https://www.redbus.in/bus-tickets/guwahati-to-biswanath-charali
162,Assam State Transport Corporation (ASTC),Guwahati to Haflong,https://www.redbus.in/bus-tickets/guwahati-to-haflong
163,Assam State Transport Corporation (ASTC),Dibrugarh to North Lakhimpur,https://www.redbus.in/bus-tickets/dibrugarh-to-north-lakhimpur
164,Assam State Transport Corporation (ASTC),Nagaon (Assam) to Haflong,https://www.redbus.in/bus-tickets/nagaon-to-haflong
165,Assam State Transport Corporation (ASTC),Tezpur to Moran,https://www.redbus.in/bus-tickets/tezpur-to-moran
166,Assam State Transport Corporation (ASTC),Dibrugarh to Jorhat,https://www.redbus.in/bus-tickets/dibrugarh-to-jorhat
167,Assam State Transport Corporation (ASTC),Guwahati to Silchar,https://www.redbus.in/bus-tickets/guwahati-to-silchar
168,Assam State Transport Corporation (ASTC),Bihpuria to Dibrugarh,https://www.redbus.in/bus-tickets/bihpuria-to-dibrugarh
169,Assam State Transport Corporation (ASTC),North Lakhimpur to Tezpur,https://www.redbus.in/bus-tickets/north-lakhimpur-to-tezpur
170,Assam State Transport Corporation (ASTC),Biswanath Charali to Guwahati,https://www.redbus.in/bus-tickets/biswanath-charali-to-guwahati
171,Assam State Transport Corporation (ASTC),Biswanath Charali to Dibrugarh,https://www.redbus.in/bus-tickets/biswanath-charali-to-dibrugarh
172,Assam State Transport Corporation (ASTC),Tinsukia to Jorhat,https://www.redbus.in/bus-tickets/tinsukia-to-jorhat
173,Assam State Transport Corporation (ASTC),Moran to Tezpur,https://www.redbus.in/bus-tickets/moran-to-tezpur
174,Assam State Transport Corporation (ASTC),Jorhat to Gogamukh,https://www.redbus.in/bus-tickets/jorhat-to-gogamukh
175,Assam State Transport Corporation (ASTC),Gohpur to Guwahati,https://www.redbus.in/bus-tickets/gohpur-to-guwahati
176,Assam State Transport Corporation (ASTC),Tinsukia to Tezpur,https://www.redbus.in/bus-tickets/tinsukia-to-tezpur
177,Assam State Transport Corporation (ASTC),North Lakhimpur to Golaghat,https://www.redbus.in/bus-tickets/north-lakhimpur-to-golaghat
178,Assam State Transport Corporation (ASTC),Bokakhat to Dibrugarh,https://www.redbus.in/bus-tickets/bokakhat-to-dibrugarh
179,Assam State Transport Corporation (ASTC),North Lakhimpur to Moran,https://www.redbus.in/bus-tickets/north-lakhimpur-to-moran
180,Assam State Transport Corporation (ASTC),Tezpur to North Lakhimpur,https://www.redbus.in/bus-tickets/tezpur-to-north-lakhimpur
181,Assam State Transport Corporation (ASTC),Tezpur to Tinsukia,https://www.redbus.in/bus-tickets/tezpur-to-tinsukia
182,Assam State Transport Corporation (ASTC),Dibrugarh to Bihpuria,https://www.redbus.in/bus-tickets/dibrugarh-to-bihpuria
183,KAAC TRANSPORT,Diphu to Guwahati,https://www.redbus.in/bus-tickets/diphu-to-guwahati
184,KAAC TRANSPORT,Guwahati to Diphu,https://www.redbus.in/bus-tickets/guwahati-to-diphu
185,KAAC TRANSPORT,Bokolia (assam) to Guwahati,https://www.redbus.in/bus-tickets/bokolia-assam-to-guwahati
186,KAAC TRANSPORT,Dokmoka to Guwahati,https://www.redbus.in/bus-tickets/dokmoka-to-guwahati
187,KAAC TRANSPORT,Guwahati to Dokmoka,https://www.redbus.in/bus-tickets/guwahati-to-dokmoka
188,KAAC TRANSPORT,Guwahati to Bokolia (assam),https://www.redbus.in/bus-tickets/guwahati-to-bokolia-assam
189,KAAC TRANSPORT,Langhin (assam) to Guwahati,https://www.redbus.in/bus-tickets/langhin-assam-to-guwahati
190,KAAC TRANSPORT,Diphu to Hamren,https://www.redbus.in/bus-tickets/diphu-to-hamren
191,KAAC TRANSPORT,Guwahati to Langhin (assam),https://www.redbus.in/bus-tickets/guwahati-to-langhin-assam
192,KAAC TRANSPORT,Guwahati to Manja (assam),https://www.redbus.in/bus-tickets/guwahati-to-manja-assam
193,KAAC TRANSPORT,Diphu to Guwahati,https://www.redbus.in/bus-tickets/diphu-to-guwahati
194,KAAC TRANSPORT,Guwahati to Diphu,https://www.redbus.in/bus-tickets/guwahati-to-diphu
195,KAAC TRANSPORT,Bokolia (assam) to Guwahati,https://www.redbus.in/bus-tickets/bokolia-assam-to-guwahati
196,KAAC TRANSPORT,Dokmoka to Guwahati,https://www.redbus.in/bus-tickets/dokmoka-to-guwahati
197,KAAC TRANSPORT,Guwahati to Dokmoka,https://www.redbus.in/bus-tickets/guwahati-to-dokmoka
198,KAAC TRANSPORT,Guwahati to Bokolia (assam),https://www.redbus.in/bus-tickets/guwahati-to-bokolia-assam
199,KAAC TRANSPORT,Langhin (assam) to Guwahati,https://www.redbus.in/bus-tickets/langhin-assam-to-guwahati
200,KAAC TRANSPORT,Diphu to Hamren,https://www.redbus.in/bus-tickets/diphu-to-hamren
201,KAAC TRANSPORT,Guwahati to Langhin (assam),https://www.redbus.in/bus-tickets/guwahati-to-langhin-assam
202,KAAC TRANSPORT,Guwahati to Manja (assam),https://www.redbus.in/bus-tickets/guwahati-to-manja-assam
203,KAAC TRANSPORT,Manja (assam) to Guwahati,https://www.redbus.in/bus-tickets/manja-assam-to-guwahati
204,KAAC TRANSPORT,Hamren to Diphu,https://www.redbus.in/bus-tickets/hamren-to-diphu
205,PEPSU (Punjab),Patiala to Delhi,https://www.redbus.in/bus-tickets/patiala-to-delhi
206,PEPSU (Punjab),Delhi to Patiala,https://www.redbus.in/bus-tickets/delhi-to-patiala
207,PEPSU (Punjab),Ludhiana to Delhi,https://www.redbus.in/bus-tickets/ludhiana-to-delhi
208,PEPSU (Punjab),Delhi to Ludhiana,https://www.redbus.in/bus-tickets/delhi-to-ludhiana
209,PEPSU (Punjab),Phagwara to Delhi,https://www.redbus.in/bus-tickets/phagwara-to-delhi
210,PEPSU (Punjab),Jalandhar to Delhi,https://www.redbus.in/bus-tickets/jalandhar-to-delhi
211,PEPSU (Punjab),Delhi to Jalandhar,https://www.redbus.in/bus-tickets/delhi-to-jalandhar
212,PEPSU (Punjab),Patiala to Delhi Airport,https://www.redbus.in/bus-tickets/patiala-to-delhi-airport
213,PEPSU (Punjab),Jalandhar to Delhi Airport,https://www.redbus.in/bus-tickets/jalandhar-to-delhi-airport
214,PEPSU (Punjab),Ludhiana to Delhi Airport,https://www.redbus.in/bus-tickets/ludhiana-to-delhi-airport
215,PEPSU (Punjab),Patiala to Delhi,https://www.redbus.in/bus-tickets/patiala-to-delhi
216,PEPSU (Punjab),Delhi to Patiala,https://www.redbus.in/bus-tickets/delhi-to-patiala
217,PEPSU (Punjab),Ludhiana to Delhi,https://www.redbus.in/bus-tickets/ludhiana-to-delhi
218,PEPSU (Punjab),Delhi to Ludhiana,https://www.redbus.in/bus-tickets/delhi-to-ludhiana
219,PEPSU (Punjab),Phagwara to Delhi,https://www.redbus.in/bus-tickets/phagwara-to-delhi
220,PEPSU (Punjab),Jalandhar to Delhi,https://www.redbus.in/bus-tickets/jalandhar-to-delhi
221,PEPSU (Punjab),Delhi to Jalandhar,https://www.redbus.in/bus-tickets/delhi-to-jalandhar
222,PEPSU (Punjab),Patiala to Delhi Airport,https://www.redbus.in/bus-tickets/patiala-to-delhi-airport
223,PEPSU (Punjab),Jalandhar to Delhi Airport,https://www.redbus.in/bus-tickets/jalandhar-to-delhi-airport
224,PEPSU (Punjab),Ludhiana to Delhi Airport,https://www.redbus.in/bus-tickets/ludhiana-to-delhi-airport
225,PEPSU (Punjab),Phagwara to Delhi Airport,https://www.redbus.in/bus-tickets/phagwara-to-delhi-airport
226,PEPSU (Punjab),Delhi Airport to Ludhiana,https://www.redbus.in/bus-tickets/delhi-airport-to-ludhiana
227,PEPSU (Punjab),Delhi to Phagwara,https://www.redbus.in/bus-tickets/delhi-to-phagwara
228,PEPSU (Punjab),Delhi to Amritsar,https://www.redbus.in/bus-tickets/delhi-to-amritsar
229,PEPSU (Punjab),Amritsar to Delhi,https://www.redbus.in/bus-tickets/amritsar-to-delhi
230,PEPSU (Punjab),Delhi Airport to Patiala,https://www.redbus.in/bus-tickets/delhi-airport-to-patiala
231,PEPSU (Punjab),Amritsar to Delhi Airport,https://www.redbus.in/bus-tickets/amritsar-to-delhi-airport
232,PEPSU (Punjab),Kapurthala to Delhi,https://www.redbus.in/bus-tickets/kapurthala-to-delhi
233,PEPSU (Punjab),Delhi Airport to Jalandhar,https://www.redbus.in/bus-tickets/delhi-airport-to-jalandhar
234,PEPSU (Punjab),Chandigarh to Bathinda,https://www.redbus.in/bus-tickets/chandigarh-to-bathinda
235,PEPSU (Punjab),Chandigarh to Faridkot,https://www.redbus.in/bus-tickets/chandigarh-to-faridkot
236,PEPSU (Punjab),Chandigarh to Patiala,https://www.redbus.in/bus-tickets/chandigarh-to-patiala
237,RSRTC,Jodhpur to Ajmer,https://www.redbus.in/bus-tickets/jodhpur-to-ajmer
238,RSRTC,Beawar (Rajasthan) to Jaipur (Rajasthan),https://www.redbus.in/bus-tickets/beawer-to-jaipur
239,RSRTC,Udaipur to Jodhpur,https://www.redbus.in/bus-tickets/udaipur-to-jodhpur
240,RSRTC,Jaipur (Rajasthan) to Jodhpur,https://www.redbus.in/bus-tickets/jaipur-to-jodhpur
241,RSRTC,Sikar to Jaipur (Rajasthan),https://www.redbus.in/bus-tickets/sikar-to-jaipur
242,RSRTC,Kishangarh to Jaipur (Rajasthan),https://www.redbus.in/bus-tickets/kishangarh-to-jaipur
243,RSRTC,Aligarh (uttar pradesh) to Jaipur (Rajasthan),https://www.redbus.in/bus-tickets/aligarh-uttar-pradesh-to-jaipur
244,RSRTC,Jodhpur to Beawar (Rajasthan),https://www.redbus.in/bus-tickets/jodhpur-to-beawer
245,RSRTC,Kota(Rajasthan) to Jaipur (Rajasthan),https://www.redbus.in/bus-tickets/kota-rajasthan-to-jaipur
246,RSRTC,Jaipur (Rajasthan) to Aligarh (uttar pradesh),https://www.redbus.in/bus-tickets/jaipur-to-aligarh-uttar-pradesh
247,RSRTC,Jodhpur to Ajmer,https://www.redbus.in/bus-tickets/jodhpur-to-ajmer
248,RSRTC,Beawar (Rajasthan) to Jaipur (Rajasthan),https://www.redbus.in/bus-tickets/beawer-to-jaipur
249,RSRTC,Udaipur to Jodhpur,https://www.redbus.in/bus-tickets/udaipur-to-jodhpur
250,RSRTC,Jaipur (Rajasthan) to Jodhpur,https://www.redbus.in/bus-tickets/jaipur-to-jodhpur
251,RSRTC,Sikar to Jaipur (Rajasthan),https://www.redbus.in/bus-tickets/sikar-to-jaipur
252,RSRTC,Kishangarh to Jaipur (Rajasthan),https://www.redbus.in/bus-tickets/kishangarh-to-jaipur
253,RSRTC,Aligarh (uttar pradesh) to Jaipur (Rajasthan),https://www.redbus.in/bus-tickets/aligarh-uttar-pradesh-to-jaipur
254,RSRTC,Jodhpur to Beawar (Rajasthan),https://www.redbus.in/bus-tickets/jodhpur-to-beawer
255,RSRTC,Kota(Rajasthan) to Jaipur (Rajasthan),https://www.redbus.in/bus-tickets/kota-rajasthan-to-jaipur
256,RSRTC,Jaipur (Rajasthan) to Aligarh (uttar pradesh),https://www.redbus.in/bus-tickets/jaipur-to-aligarh-uttar-pradesh
257,RSRTC,Jaipur (Rajasthan) to Kota(Rajasthan),https://www.redbus.in/bus-tickets/jaipur-to-kota-rajasthan
258,RSRTC,Pali (Rajasthan) to Udaipur,https://www.redbus.in/bus-tickets/pali-to-udaipur
259,RSRTC,Udaipur to Pali (Rajasthan),https://www.redbus.in/bus-tickets/udaipur-to-pali-rajasthan
260,RSRTC,Sikar to Bikaner,https://www.redbus.in/bus-tickets/sikar-to-bikaner
261,RSRTC,Jaipur (Rajasthan) to Bharatpur,https://www.redbus.in/bus-tickets/jaipur-to-bharatpur
262,RSRTC,Kishangarh to Jodhpur,https://www.redbus.in/bus-tickets/kishangarh-to-jodhpur
263,RSRTC,Jaipur (Rajasthan) to Bhilwara,https://www.redbus.in/bus-tickets/jaipur-to-bhilwara
264,RSRTC,Kota(Rajasthan) to Udaipur,https://www.redbus.in/bus-tickets/kota-rajasthan-to-udaipur
265,RSRTC,Jaipur (Rajasthan) to Pilani,https://www.redbus.in/bus-tickets/jaipur-to-pilani
266,RSRTC,Jaipur (Rajasthan) to Mathura,https://www.redbus.in/bus-tickets/jaipur-to-mathura
267,RSRTC,Bikaner to Sikar,https://www.redbus.in/bus-tickets/bikaner-to-sikar
268,HRTC,Delhi to Shimla,https://www.redbus.in/bus-tickets/delhi-to-shimla
269,HRTC,Shimla to Delhi,https://www.redbus.in/bus-tickets/shimla-to-delhi
270,HRTC,Manali to Chandigarh,https://www.redbus.in/bus-tickets/manali-to-chandigarh
271,HRTC,Chandigarh to Manali,https://www.redbus.in/bus-tickets/chandigarh-to-manali
272,HRTC,Delhi to Manali,https://www.redbus.in/bus-tickets/delhi-to-manali
273,HRTC,Hamirpur (Himachal Pradesh) to Chandigarh,https://www.redbus.in/bus-tickets/hamirpur-himachal-pradesh-to-chandigarh
274,HRTC,Delhi to Hamirpur (Himachal Pradesh),https://www.redbus.in/bus-tickets/delhi-to-hamirpur-himachal-pradesh
275,Chandigarh Transport Undertaking (CTU),Chandigarh to Delhi,https://www.redbus.in/bus-tickets/chandigarh-to-delhi
276,Chandigarh Transport Undertaking (CTU),Delhi to Chandigarh,https://www.redbus.in/bus-tickets/delhi-to-chandigarh
277,Chandigarh Transport Undertaking (CTU),Yamuna Nagar to Chandigarh,https://www.redbus.in/bus-tickets/yamuna-nagar-to-chandigarh
278,Chandigarh Transport Undertaking (CTU),Chandigarh to Shimla,https://www.redbus.in/bus-tickets/chandigarh-to-shimla
279,Chandigarh Transport Undertaking (CTU),Chandigarh to Vrindavan,https://www.redbus.in/bus-tickets/chandigarh-to-vrindavan
280,Chandigarh Transport Undertaking (CTU),Chandigarh to Yamuna Nagar,https://www.redbus.in/bus-tickets/chandigarh-to-yamuna-nagar
281,Chandigarh Transport Undertaking (CTU),Chandigarh to Sujanpur (himachal pradesh),https://www.redbus.in/bus-tickets/chandigarh-to-sujanpur
282,Chandigarh Transport Undertaking (CTU),Ludhiana to Chandigarh,https://www.redbus.in/bus-tickets/ludhiana-to-chandigarh
283,Chandigarh Transport Undertaking (CTU),Hamirpur (Himachal Pradesh) to Chandigarh,https://www.redbus.in/bus-tickets/hamirpur-himachal-pradesh-to-chandigarh
284,Chandigarh Transport Undertaking (CTU),Vrindavan to Chandigarh,https://www.redbus.in/bus-tickets/vrindavan-to-chandigarh
285,Chandigarh Transport Undertaking (CTU),Chandigarh to Delhi,https://www.redbus.in/bus-tickets/chandigarh-to-delhi
286,Chandigarh Transport Undertaking (CTU),Delhi to Chandigarh,https://www.redbus.in/bus-tickets/delhi-to-chandigarh
287,Chandigarh Transport Undertaking (CTU),Yamuna Nagar to Chandigarh,https://www.redbus.in/bus-tickets/yamuna-nagar-to-chandigarh
288,Chandigarh Transport Undertaking (CTU),Chandigarh to Shimla,https://www.redbus.in/bus-tickets/chandigarh-to-shimla
289,Chandigarh Transport Undertaking (CTU),Chandigarh to Vrindavan,https://www.redbus.in/bus-tickets/chandigarh-to-vrindavan
290,Chandigarh Transport Undertaking (CTU),Chandigarh to Yamuna Nagar,https://www.redbus.in/bus-tickets/chandigarh-to-yamuna-nagar
291,Chandigarh Transport Undertaking (CTU),Chandigarh to Sujanpur (himachal pradesh),https://www.redbus.in/bus-tickets/chandigarh-to-sujanpur
292,Chandigarh Transport Undertaking (CTU),Ludhiana to Chandigarh,https://www.redbus.in/bus-tickets/ludhiana-to-chandigarh
293,Chandigarh Transport Undertaking (CTU),Hamirpur (Himachal Pradesh) to Chandigarh,https://www.redbus.in/bus-tickets/hamirpur-himachal-pradesh-to-chandigarh
294,Chandigarh Transport Undertaking (CTU),Vrindavan to Chandigarh,https://www.redbus.in/bus-tickets/vrindavan-to-chandigarh
295,Chandigarh Transport Undertaking (CTU),Chandigarh to Hamirpur (Himachal Pradesh),https://www.redbus.in/bus-tickets/chandigarh-to-hamirpur-himachal-pradesh
296,Chandigarh Transport Undertaking (CTU),Sujanpur (himachal pradesh) to Chandigarh,https://www.redbus.in/bus-tickets/sujanpur-to-chandigarh
297,Chandigarh Transport Undertaking (CTU),Shimla to Chandigarh,https://www.redbus.in/bus-tickets/shimla-to-chandigarh
298,Chandigarh Transport Undertaking (CTU),Chandigarh to Ludhiana,https://www.redbus.in/bus-tickets/chandigarh-to-ludhiana
299,Chandigarh Transport Undertaking (CTU),Chandigarh to Dharamshala (Himachal Pradesh),https://www.redbus.in/bus-tickets/chandigarh-to-dharamshala
300,Chandigarh Transport Undertaking (CTU),Chandigarh to Dehradun,https://www.redbus.in/bus-tickets/chandigarh-to-dehradun
301,Chandigarh Transport Undertaking (CTU),Chandigarh to Baijnath,https://www.redbus.in/bus-tickets/chandigarh-to-baijnath
302,Chandigarh Transport Undertaking (CTU),Pathankot to Chandigarh,https://www.redbus.in/bus-tickets/pathankot-to-chandigarh
303,Chandigarh Transport Undertaking (CTU),Chandigarh to Haridwar,https://www.redbus.in/bus-tickets/chandigarh-to-haridwar
304,Chandigarh Transport Undertaking (CTU),Chandigarh to Pathankot,https://www.redbus.in/bus-tickets/chandigarh-to-pathankot
305,Chandigarh Transport Undertaking (CTU),Talwara to Chandigarh,https://www.redbus.in/bus-tickets/talwara-to-chandigarh
306,Chandigarh Transport Undertaking (CTU),Dehradun to Chandigarh,https://www.redbus.in/bus-tickets/dehradun-to-chandigarh
307,Chandigarh Transport Undertaking (CTU),Amritsar to Chandigarh,https://www.redbus.in/bus-tickets/amritsar-to-chandigarh
308,Chandigarh Transport Undertaking (CTU),Chandigarh to Rishikesh,https://www.redbus.in/bus-tickets/chandigarh-to-rishikesh
309,Chandigarh Transport Undertaking (CTU),Chandigarh to Talwara,https://www.redbus.in/bus-tickets/chandigarh-to-talwara
310,Chandigarh Transport Undertaking (CTU),Chandigarh to Dinanagar (punjab),https://www.redbus.in/bus-tickets/chandigarh-to-dinanagar-punjab
311,Chandigarh Transport Undertaking (CTU),Dinanagar (punjab) to Chandigarh,https://www.redbus.in/bus-tickets/dinanagar-punjab-to-chandigarh
312,Chandigarh Transport Undertaking (CTU),Rishikesh to Chandigarh,https://www.redbus.in/bus-tickets/rishikesh-to-chandigarh
313,Chandigarh Transport Undertaking (CTU),Chandigarh to Amritsar,https://www.redbus.in/bus-tickets/chandigarh-to-amritsar
314,Chandigarh Transport Undertaking (CTU),Chandigarh to Agra,https://www.redbus.in/bus-tickets/chandigarh-to-agra
315,Chandigarh Transport Undertaking (CTU),Dharamshala (Himachal Pradesh) to Chandigarh,https://www.redbus.in/bus-tickets/dharamshala-to-chandigarh
316,Chandigarh Transport Undertaking (CTU),Chandigarh to Katra (jammu and kashmir),https://www.redbus.in/bus-tickets/chandigarh-to-katra
317,Chandigarh Transport Undertaking (CTU),Hisar (Haryana) to Chandigarh,https://www.redbus.in/bus-tickets/hisar-haryana-to-chandigarh
318,Chandigarh Transport Undertaking (CTU),Rohtak to Chandigarh,https://www.redbus.in/bus-tickets/rohtak-to-chandigarh
319,Chandigarh Transport Undertaking (CTU),Chandigarh to Una (Himachal Pradesh),https://www.redbus.in/bus-tickets/chandigarh-to-una
320,Chandigarh Transport Undertaking (CTU),Chandigarh to Jammu (j and k),https://www.redbus.in/bus-tickets/chandigarh-to-jammu
321,Chandigarh Transport Undertaking (CTU),Chandigarh to Rohtak,https://www.redbus.in/bus-tickets/chandigarh-to-rohtak
322,Chandigarh Transport Undertaking (CTU),Chandigarh to Manali,https://www.redbus.in/bus-tickets/chandigarh-to-manali
323,Chandigarh Transport Undertaking (CTU),Chandigarh to Haldwani,https://www.redbus.in/bus-tickets/chandigarh-to-haldwani
324,Chandigarh Transport Undertaking (CTU),Jawala Ji to Chandigarh,https://www.redbus.in/bus-tickets/jawala-ji-to-chandigarh
325,Chandigarh Transport Undertaking (CTU),Agra to Chandigarh,https://www.redbus.in/bus-tickets/agra-to-chandigarh
326,Chandigarh Transport Undertaking (CTU),Jammu (j and k) to Chandigarh,https://www.redbus.in/bus-tickets/jammu-to-chandigarh
327,Chandigarh Transport Undertaking (CTU),Chandigarh to Hisar (Haryana),https://www.redbus.in/bus-tickets/chandigarh-to-hisar-haryana
328,Chandigarh Transport Undertaking (CTU),Chandigarh to Kathgodam,https://www.redbus.in/bus-tickets/chandigarh-to-kathgodam
329,Chandigarh Transport Undertaking (CTU),Haridwar to Chandigarh,https://www.redbus.in/bus-tickets/haridwar-to-chandigarh
330,Chandigarh Transport Undertaking (CTU),Katra (jammu and kashmir) to Chandigarh,https://www.redbus.in/bus-tickets/katra-to-chandigarh
331,Chandigarh Transport Undertaking (CTU),Baijnath to Chandigarh,https://www.redbus.in/bus-tickets/baijnath-to-chandigarh
332,Chandigarh Transport Undertaking (CTU),Narnaul to Chandigarh,https://www.redbus.in/bus-tickets/narnaul-to-chandigarh
333,Chandigarh Transport Undertaking (CTU),Chandigarh to Jawala Ji,https://www.redbus.in/bus-tickets/chandigarh-to-jawala-ji
